section,Type,Start_X,Start_Y,End_X,End_Y,Center_X,Center_Y,Radius,Start_Angle (deg),End_Angle (deg),length,Direction
1,ARC,0,105.3216912,5.427707249,112.8183345,4.798939002,107.5603728,5.29542359,205.0088218,83.1807228,11.25966685,Clockwise
2,ARC,5.427707249,112.8183345,28.85473492,123.5339792,8.363313545,137.3668158,24.72338403,263.1807228,325.978485,27.09751404,Counterclockwise
3,ARC,28.85473492,123.5339792,40.30608047,124.6703214,35.0519206,119.350538,7.477050942,145.978485,45.35558171,13.13120408,Clockwise
4,ARC,40.30608047,124.6703214,53.03627642,129.8669174,45.56024033,129.9901047,7.477050942,225.3555817,359.0559875,17.44779028,Counterclockwise
5,ARC,53.03627642,129.8669174,65.76647238,135.0635135,60.51231252,129.7437302,7.477050942,179.0559875,45.35558171,17.44779028,Clockwise
6,ARC,65.76647238,135.0635135,78.49666834,140.2601096,71.02063224,140.3832969,7.477050942,225.3555817,359.0559875,17.44779028,Counterclockwise
7,ARC,78.49666834,140.2601096,77.40905808,144.268436,71.02063224,140.3832969,7.477050942,359.0559875,31.30599327,4.208598579,Counterclockwise
8,ARC,77.40905808,144.268436,84.63624689,150.0771257,81.40418137,146.6980815,4.675915645,211.3059933,46.27359417,13.46831448,Clockwise
9,ARC,84.63624689,150.0771257,99.6027271,147.2328602,94.31221899,160.1931141,13.99848771,226.2735942,292.2057846,16.10853303,Counterclockwise
10,LINE,99.6027271,147.2328602,150.3996,167.9686628,,,,,,54.86616264,
11,ARC,150.3996,167.9686628,159.2018648,180.5971401,145.0467743,181.0815771,14.16337759,292.2057846,358.0399017,16.27403393,Counterclockwise
12,ARC,159.2018648,180.5971401,167.3917797,183.19885,163.7596192,180.4411577,4.560422827,178.0399017,37.20733029,11.20948313,Clockwise
13,ARC,167.3917797,183.19885,180.9937254,182.1004558,174.6842073,188.7355745,9.156135567,217.2073303,313.5591245,15.39747076,Counterclockwise
14,ARC,180.9937254,182.1004558,187.1670238,184.6204593,187.3032434,175.4653371,9.156135567,133.5591245,90.85244467,6.824728689,Clockwise
15,ARC,187.1670238,184.6204593,195.4020899,187.9820974,186.9853093,196.8332233,12.21411582,270.8524447,313.5591245,9.104062087,Counterclockwise
16,ARC,195.4020899,187.9820974,203.8738555,191.4403587,204.060793,178.8765647,12.56518465,133.5591245,90.85244467,9.365739024,Clockwise
17,ARC,203.8738555,191.4403587,211.7069207,194.3255512,203.6866173,204.0243623,12.58539647,270.8524447,309.5885963,8.508651596,Counterclockwise
18,ARC,211.7069207,194.3255512,221.9837615,198.8330074,224.7538768,178.5480979,20.47317988,129.5885963,97.77623334,11.36733341,Clockwise
19,ARC,221.9837615,198.8330074,227.9132264,200.6746745,219.4330034,217.5116154,18.85196972,277.7762333,296.7329185,6.237298076,Counterclockwise
20,LINE,227.9132264,200.6746745,291.8543212,232.8797374,,,,,,71.59350299,
21,ARC,291.8543212,232.8797374,314.4139735,236.5639646,308.9916261,198.8547133,38.09710599,116.7329185,81.81732498,23.21607419,Clockwise
22,ARC,314.4139735,236.5639646,320.5753769,240.1930617,315.2282062,242.2264758,5.720752401,261.817325,339.1792667,7.724277727,Counterclockwise
23,ARC,320.5753769,240.1930617,329.5129868,242.7275361,325.9871248,238.1350903,5.789841198,159.1792667,52.48465594,10.78168162,Clockwise
24,ARC,329.5129868,242.7275361,338.7713111,246.5068787,333.0388488,247.3199819,5.789841198,232.4846559,351.9269132,12.06985415,Counterclockwise
25,ARC,338.7713111,246.5068787,348.0296355,250.2862213,344.5037735,245.6937755,5.789841198,171.9269132,52.48465594,12.06985415,Clockwise
26,ARC,348.0296355,250.2862213,357.2879598,254.0655639,351.5554975,254.8786671,5.789841198,232.4846559,351.9269132,12.06985415,Counterclockwise
27,ARC,357.2879598,254.0655639,366.4894342,257.8879991,363.0204221,253.2524608,5.789841198,171.9269132,53.19059951,11.99851729,Clockwise
28,ARC,366.4894342,257.8879991,385.1487148,252.2540032,383.5552682,280.6925688,28.48317195,233.1905995,273.2069974,19.8931571,Counterclockwise
29,ARC,385.1487148,252.2540032,392.9716853,248.078179,385.6261685,243.7327917,8.534577168,93.20699743,30.60728502,9.324632301,Clockwise
30,ARC,392.9716853,248.078179,399.3256271,242.3931398,405.124152,255.2672135,14.11965529,210.607285,245.753043,8.661126388,Counterclockwise
31,ARC,399.3256271,242.3931398,404.2201042,235.4835834,395.8939065,234.7739219,8.356386058,65.75304301,4.871680904,8.879330551,Clockwise
32,ARC,404.2201042,235.4835834,407.472518,227.6129173,418.2668564,236.6808214,14.09768155,184.8716809,220.0323128,8.651307229,Counterclockwise
33,ARC,407.472518,227.6129173,408.8833807,219.2642898,401.0744653,222.2381618,8.356020271,40.03231279,339.1516476,8.878840231,Clockwise
34,ARC,408.8833807,219.2642898,408.3979009,210.7619645,422.0579822,214.2470016,14.09763472,159.1516476,194.3123112,8.651286291,Counterclockwise
35,ARC,408.3979009,210.7619645,406.12636,202.7491069,400.3616896,208.7117209,8.293623512,14.31231123,314.0330021,8.725492513,Clockwise
36,ARC,406.12636,202.7491069,395.9359745,190.1250206,452.0271438,155.2722106,66.03739571,134.0330021,148.1448347,16.26487465,Counterclockwise
37,ARC,395.9359745,190.1250206,386.6105501,182.5421192,380.2800433,199.8529903,18.43208008,328.1448347,290.0872359,12.24314801,Clockwise
38,ARC,386.6105501,182.5421192,352.3889101,164.8443086,438.9742446,39.35276476,152.4635947,110.0872359,124.6044907,38.6302947,Counterclockwise
39,LINE,352.3889101,164.8443086,335.307021,153.0583265,,,,,,20.75332042,
40,ARC,335.307021,153.0583265,328.2344838,141.2183576,344.7347193,139.3943912,16.60074172,124.6044907,173.692029,14.22250562,Counterclockwise
41,ARC,328.2344838,141.2183576,319.8221063,136.4601317,322.3123346,141.8730029,5.958222202,353.692029,245.2948828,11.27228373,Clockwise
42,ARC,319.8221063,136.4601317,311.7498225,132.9772922,317.3515691,131.090062,5.911108424,65.29488281,161.3813126,9.913074042,Counterclockwise
43,ARC,311.7498225,132.9772922,305.8183143,126.3314232,301.0050575,136.597207,11.33815499,341.3813126,295.1201915,9.154527019,Clockwise
44,ARC,305.8183143,126.3314232,274.6687397,132.3038571,294.3576237,150.7749498,26.996915,295.1201915,223.172152,33.90084092,Clockwise
45,ARC,274.6687397,132.3038571,245.4977127,144.6606015,246.1215361,105.5223473,39.14322545,43.17215197,90.91315827,32.61561303,Counterclockwise
46,ARC,245.4977127,144.6606015,234.3987072,139.0115366,245.7235954,130.4888752,14.17352635,90.91315827,143.036333,12.89395478,Counterclockwise
47,ARC,234.3987072,139.0115366,227.4219326,134.0468091,223.0850979,147.5257099,14.15941039,323.036333,287.8355731,8.699105042,Clockwise
48,ARC,227.4219326,134.0468091,220.4768674,129.1046462,231.7390565,120.6291697,14.09505606,107.8355731,143.036333,8.659567729,Counterclockwise
49,ARC,220.4768674,129.1046462,213.7201239,124.2964946,209.5200628,137.3503025,13.71285578,323.036333,287.8355731,8.424755661,Clockwise
50,ARC,213.7201239,124.2964946,207.6545912,119.9802139,217.4905214,112.5780832,12.3100391,107.8355731,143.036333,7.562908361,Counterclockwise
51,ARC,207.6545912,119.9802139,201.9279432,115.9050862,198.3681999,126.9687833,11.62227021,323.036333,287.8355731,7.140364369,Clockwise
52,ARC,201.9279432,115.9050862,192.8051354,104.4860618,205.9787478,103.3151681,13.2255456,107.8355731,174.9207983,15.48523665,Counterclockwise
53,ARC,192.8051354,104.4860618,185.2646845,103.5793516,188.9390765,104.8296838,3.881299704,354.9207983,198.7925546,10.57635504,Clockwise
54,ARC,185.2646845,103.5793516,178.3651324,100.413961,181.6526857,102.3502506,3.815393087,18.79255458,210.4970588,12.76582754,Counterclockwise
55,ARC,178.3651324,100.413961,172.1174928,94.69173594,174.6337087,98.2162425,4.330529885,30.49705882,234.4761971,11.79236953,Clockwise
56,ARC,172.1174928,94.69173594,164.5564761,92.05512122,169.2687388,90.7014377,4.902844001,54.47619706,163.9723215,9.369667738,Counterclockwise
57,ARC,164.5564761,92.05512122,153.3553358,79.08710898,144.9175587,97.69675883,20.43318746,343.9723215,294.3899528,17.68238152,Clockwise
58,ARC,153.3553358,79.08710898,116.3337277,54.99557116,213.8978544,-54.4403667,146.6116753,114.3899528,131.7175838,44.33892038,Counterclockwise
59,LINE,116.3337277,54.99557116,86.0181585,27.96869051,,,,,,40.61386476,
60,ARC,86.0181585,27.96869051,59.80455725,19.68570741,63.68840351,53.01557773,33.55539476,311.7175838,263.353442,28.3245622,Clockwise
61,ARC,59.80455725,19.68570741,57.60537955,13.20401804,59.39945213,16.20923077,3.5,83.35344201,239.1633526,9.517885817,Counterclockwise
62,ARC,57.60537955,13.20401804,52.62955566,10.04870535,55.91382541,10.37053175,3.3,59.16335263,185.5965602,13.45248152,Clockwise
63,ARC,52.62955566,10.04870535,47.40602157,7.056812695,49.34528591,9.726878948,3.3,5.596560248,234.009163,13.15562151,Counterclockwise
64,ARC,47.40602157,7.056812695,42.10508304,3.499116803,45.40799164,4.305835343,3.4,54.00916305,193.7254787,13.07189697,Clockwise
65,ARC,42.10508304,3.499116803,35.86213869,4.006682096,38.89931881,2.716125279,3.3,13.72547874,156.9784187,8.250777033,Counterclockwise
66,ARC,35.86213869,4.006682096,27.64053568,0,29.44649563,6.732813426,6.970815443,336.9784187,254.9848516,9.975639188,Clockwise
67,ARC,27.64053568,9.09495E-14,14.86050956,0.4682325,20.2297006,-27.62839237,28.60504399,74.98485161,100.8186387,12.89757504,Counterclockwise
68,ARC,14.86050956,0.4682325,12.86562797,9.395042585,14.00164668,4.962605663,4.575700555,280.8186387,104.3752865,14.09094966,Clockwise
69,ARC,12.86562797,9.395042585,30.23932626,26.12441907,6.793394615,33.08725046,24.4579789,284.3752865,343.459951,25.22160431,Counterclockwise
70,ARC,30.23932626,26.12441907,34.78973846,30.66251963,36.68707682,24.20960499,6.726068706,163.459951,106.3848191,6.700166438,Clockwise
71,ARC,34.78973846,30.66251963,35.0858051,37.09834876,33.82857799,33.9314603,3.407316032,286.3848191,68.34735388,8.442353431,Counterclockwise
72,ARC,35.0858051,37.09834876,35.69026914,49.23286882,37.45360663,43.06271535,6.417176401,248.3473539,105.9491432,15.94872161,Clockwise
73,ARC,35.69026914,49.23286882,36.74667623,63.26809924,33.62903969,56.44538609,7.501271376,285.9491432,65.44198471,18.26266556,Counterclockwise
74,ARC,36.74667623,63.26809924,35.18638986,69.17006221,38.38759702,66.85913102,3.94818063,245.4419847,144.1747205,6.978200738,Clockwise
75,ARC,35.18638986,69.17006221,29.21887485,74.96273661,31.77891715,71.62989519,4.202576414,324.1747205,127.5288049,11.98182532,Counterclockwise
76,ARC,29.21887485,74.96273661,25.58764699,82.23978762,27.22866101,78.51413725,4.071043806,299.2663799,113.771753,13.17997169,Clockwise
77,ARC,25.58764699,82.23978762,22.42575687,88.90066586,24.10099402,85.61498679,3.688103373,293.771753,117.0152269,11.79529941,Counterclockwise
78,ARC,22.42575687,88.90066586,15.03520776,97.09074778,19.83135942,93.98911402,5.711672499,297.0152269,147.109567,14.94371911,Clockwise
79,ARC,15.03520776,97.09074778,8.099188328,103.4005856,11.04473521,99.67135517,4.752200089,327.109567,128.3035784,13.36967926,Counterclockwise
80,ARC,8.099188328,103.4005856,1.75078E-12,105.3216912,4.809626519,107.5653585,5.307216807,308.3035784,205.0088218,9.568028791,Clockwise
